http://hdl.handle.net/1887.1/item:1621630,"Valk, Maurits van der"
http://hdl.handle.net/1887.1/item:1619769,"Maarseveen, Henc van"
http://hdl.handle.net/1887.1/item:1620277,"Flór, Eduard"
http://hdl.handle.net/1887.1/item:1623795,"Holstein, Pieter"
http://hdl.handle.net/1887.1/item:1630887,"Daum, Jan ( 1892- )"
http://hdl.handle.net/1887.1/item:1623794,"Horst, Marian ter"
http://hdl.handle.net/1887.1/item:1631409,"Flachenecker, Ferdinand Wolfgang"
http://hdl.handle.net/1887.1/item:1622673,"Blois, Abraham de"
http://hdl.handle.net/1887.1/item:1623551,"Portman, Lodewijk"
http://hdl.handle.net/1887.1/item:1623800,"Os, Ton Van"
http://hdl.handle.net/1887.1/item:1623801,"Lindenberg, Jacobus"
http://hdl.handle.net/1887.1/item:1619586,"Haak, Johan"
http://hdl.handle.net/1887.1/item:1631395,"Roland Holst, Richard N"
http://hdl.handle.net/1887.1/item:2012872,"Zuilen, Ton van [ps. of Joop Moesman]"
http://hdl.handle.net/1887.1/item:360418,"Zajaczkowski, Theodor."
http://hdl.handle.net/1887.1/item:1620149,"Lamsvelt, Jan"
http://hdl.handle.net/1887.1/item:1625795,"Houbraken, Jacob"
http://hdl.handle.net/1887.1/item:1619508,"Berghaus, Johann Peter"
http://hdl.handle.net/1887.1/item:1621646,"Lamsvelt, Jan"
http://hdl.handle.net/1887.1/item:1631133,"Roland Holst, Richard N"
http://hdl.handle.net/1887.1/item:2004318,"Unger, William"
http://hdl.handle.net/1887.1/item:1625754,"Vinkeles, Reinier"
http://hdl.handle.net/1887.1/item:1621484,"Lataster, Ger"
http://hdl.handle.net/1887.1/item:1620749,"Larmessin, Nicolas de"
http://hdl.handle.net/1887.1/item:2004321,"Velde, Jan van de"
http://hdl.handle.net/1887.1/item:1622759,"Loman, Jan"
http://hdl.handle.net/1887.1/item:1625591,"Suyderhoef, Jonas"
http://hdl.handle.net/1887.1/item:1622766,"Oosterkerk, Ko"
http://hdl.handle.net/1887.1/item:1621470,"Velde, Jan van de"
http://hdl.handle.net/1887.1/item:1620222,"Humbert de Superville, David"
http://hdl.handle.net/1887.1/item:1623886,"Braat, Pauline"
http://hdl.handle.net/1887.1/item:1622769,"Bree, Mattheus Ignatius van"
http://hdl.handle.net/1887.1/item:1630792,"Vanderheyden, JCJ"
http://hdl.handle.net/1887.1/item:1622209,"Picart, Bernard"
http://hdl.handle.net/1887.1/item:1620147,"Wesdorp, Reba"
http://hdl.handle.net/1887.1/item:1620437,"Dodeigne, Eugène"
http://hdl.handle.net/1887.1/item:1621878,"Kneisel, August"
http://hdl.handle.net/1887.1/item:1620353,"Middleton, Sam"
http://hdl.handle.net/1887.1/item:1993230,"Wijers, Justin"
http://hdl.handle.net/1887.1/item:1620434,"Weijer, Pieter Wilhelmus van de"
http://hdl.handle.net/1887.1/item:1623808,"Valk, Maurits van der"
http://hdl.handle.net/1887.1/item:1631405,"Gheyn, Jacques II de"
http://hdl.handle.net/1887.1/item:1622447,"Suyderhoef, Jonas"
http://hdl.handle.net/1887.1/item:1624036,"Westerik, Co"
http://hdl.handle.net/1887.1/item:1621166,"Zijlvelt, Anthony van"
http://hdl.handle.net/1887.1/item:1631407,"Daudenarde, Louis"
http://hdl.handle.net/1887.1/item:1623163,"Galle, Cornelis"
http://hdl.handle.net/1887.1/item:1630877,"Boon, Jan"
http://hdl.handle.net/1887.1/item:360363,"Laan, Adolf van der."
